epoch,loss,val_loss
0,0.4415484368801117,0.406835675239563
1,0.42650043964385986,0.406835675239563
2,0.42650043964385986,0.406835675239563
3,0.42650043964385986,0.406835675239563
4,0.42650043964385986,0.406835675239563
5,0.42650043964385986,0.406835675239563
6,0.42650043964385986,0.406835675239563
7,0.42650043964385986,0.406835675239563
8,0.42650043964385986,0.406835675239563
9,0.42650043964385986,0.406835675239563
10,0.42650049924850464,0.406835675239563
